,ID,pca_species,COII_GenBank_Accession_Number,sex,pop,year,longitude,latitude,,note:,Cassibile=SP04+MP+SP104+Cassibile+FontaneBianche,,,,,,,,,,
A71,A71,lynceorum,OR724095,F,SP04,2017,15.034707,36.978432,,note:,Cefalu=SantAmbrogio+Cefalu,,,,,,,,,,
A72,,,,F,Scopello,2017,12.813687,38.06703,,note:,Scopello=Scopello+ScopelloNord,,,,,,,,,,
A93,,rossius,,F,Grosseto,2017,15.04182254,36.95460292,,,From the 561 individuals we generated 554 (396 already published + 158 new) RADsequencing datasets and nine (1 published + 8 new) whole genome datasets. Two individuals were used for generating both types of data (Gela4 and C58),,,,,,,,,,
A94,,rossius,,F,Grosseto,2017,15.04182254,36.95460292,,,,,,,,,,,,,
A95,,rossius,,F,Grosseto,2017,15.04182254,36.95460292,,,,,,,,,,,,,
B01,B01,benazzii,-,NA,Scopello,2017,12.813687,38.06703,,,,,,,,,,,,,
B07,B07,NW F1 hybrids,-,F,Scopello,2017,12.813687,38.06703,,,,,,,,,,,,,
B11,B11,benazzii,OR724104,NA,Scopello,2017,12.813687,38.06703,,,,,,,,,,,,,
B12,B12,benazzii,OR724105,F,Scopello,2017,12.813687,38.06703,,,,,,,,,,,,,
B16,B16,rossius,-,F,Scopello,2017,12.813687,38.06703,,,,,,,,,,,,,
B83,,rossius,,M,"La Ciotat, Figuerolles",2018,5.597489,43.166961,,,,,,,,,,,,,
B85,,rossius,,M,"La Ciotat, av. gare",2018,5.624613,43.198084,,,,,,,,,,,,,
B86,,rossius,,M,"La Ciotat, av. gare",2018,5.624613,43.198084,,,,,,,,,,,,,
B87,,rossius,,M,"La Ciotat, av. gare",2018,5.624613,43.198084,,,,,,,,,,,,,
B88,,rossius,,M,"La Ciotat, av. gare",2018,5.624613,43.198084,,,,,,,,,,,,,
B90,,rossius,,M,"La Ciotat, av. gare",2018,5.624613,43.198084,,,,,,,,,,,,,
B91,,rossius,,M,"La Ciotat, av. gare",2018,5.624613,43.198084,,,,,,,,,,,,,
B92,,rossius,,F,"La Ciotat, av. gare",2018,5.624613,43.198084,,,,,,,,,,,,,
B93,,rossius,,NA,"La Ciotat, av. gare",2018,5.624613,43.198084,,,,,,,,,,,,,
B94,,rossius,,M,"La Ciotat, av. gare",2018,5.624613,43.198084,,,,,,,,,,,,,
B95,B95,rossius,OR724125,NA,Scopello,2018,12.813687,38.06703,,,,,,,,,,,,,
B96,B96,benazzii,OR724126,F,Scopello,2018,12.813687,38.06703,,,,,,,,,,,,,
B99,B99,benazzii,OR724127,F,Scopello,2018,12.813687,38.06703,,,,,,,,,,,,,
C01,C01,benazzii,OR724128,F,Scopello,2018,12.813687,38.06703,,,,,,,,,,,,,
C02,C02,rossius,OR724129,F,Scopello,2018,12.813687,38.06703,,,,,,,,,,,,,
C03,C03,NW F1 hybrids,OR724130,F,Scopello,2018,12.813687,38.06703,,,,,,,,,,,,,
C05,C05,maretimi,OR724131,NA,Marettimo,2018,12.078274,37.958318,,,,,,,,,,,,,
C06,C06,maretimi,OR724132,NA,Marettimo,2018,12.078274,37.958318,,,,,,,,,,,,,
C07,C07,maretimi,OR724133,NA,Marettimo,2018,12.078274,37.958318,,,,,,,,,,,,,
C08,C08,maretimi,OR724134,NA,Marettimo,2018,12.078274,37.958318,,,,,,,,,,,,,
C09,C09,maretimi,OR724135,NA,Marettimo,2018,12.078274,37.958318,,,,,,,,,,,,,
C10,C10,maretimi,OR724136,NA,Marettimo,2018,12.078274,37.958318,,,,,,,,,,,,,
C24,C24,benazzii,OR724137,F,Scopello,2018,12.813687,38.06703,,,,,,,,,,,,,
C26,C26,benazzii,OR724138,F,Scopello,2018,12.813687,38.06703,,,,,,,,,,,,,
C27,C27,benazzii,OR724139,M,Scopello,2018,12.813687,38.06703,,,,,,,,,,,,,
C28,C28,rossius,OR724140,F,Scopello,2018,12.813687,38.06703,,,,,,,,,,,,,
C29,C29,NW F1 hybrids,OR724141,M,Scopello,2018,12.813687,38.06703,,,,,,,,,,,,,
C30,C30,NW F1 hybrids,OR724142,M,Scopello,2018,12.813687,38.06703,,,,,,,,,,,,,
C31,C31,rossius,OR724143,NA,Scopello,2018,12.813687,38.06703,,,,,,,,,,,,,
C32,C32,benazzii,OR724144,F,Scopello,2018,12.813687,38.06703,,,,,,,,,,,,,
C33,C33,rossius,OR724145,F,Scopello,2018,12.813687,38.06703,,,,,,,,,,,,,
C34,C34,benazzii,OR724146,F,Scopello,2018,12.813687,38.06703,,,,,,,,,,,,,
C35,C35,benazzii,OR724147,F,Scopello,2018,12.813687,38.06703,,,,,,,,,,,,,
C36,C36,benazzii,OR724148,F,Scopello,2018,12.813687,38.06703,,,,,,,,,,,,,
C37,C37,benazzii,OR724149,F,Scopello,2018,12.813687,38.06703,,,,,,,,,,,,,
C38,C38,rossius,OR724150,F,Scopello,2018,12.813687,38.06703,,,,,,,,,,,,,
C40,C40,rossius,OR724152,NA,Scopello,2018,12.813687,38.06703,,,,,,,,,,,,,
C41,C41,benazzii,OR724153,NA,Scopello,2018,12.813687,38.06703,,,,,,,,,,,,,
C42,C42,rossius,OR724154,F,Scopello,2018,12.813687,38.06703,,,,,,,,,,,,,
C43,C43,rossius,OR724155,NA,Scopello,2018,12.813687,38.06703,,,,,,,,,,,,,
C44,C44,benazzii,OR724156,NA,Scopello,2018,12.813687,38.06703,,,,,,,,,,,,,
C45,C45,rossius,OR724157,F,Scopello,2018,12.813687,38.06703,,,,,,,,,,,,,
C46,,,,F,Scopello,2018,12.813687,38.06703,,,,,,,,,,,,,
C47,C47,benazzii,OR724159,F,Scopello,2018,12.813687,38.06703,,,,,,,,,,,,,
C48,C48,rossius,OR724160,F,Scopello,2018,12.813687,38.06703,,,,,,,,,,,,,
C49,C49,rossius,OR724161,F,Scopello,2018,12.813687,38.06703,,,,,,,,,,,,,
C50,C50,rossius,OR724162,F,Scopello,2018,12.813687,38.06703,,,,,,,,,,,,,
C51,C51,rossius,OR724163,F,Scopello,2018,12.813687,38.06703,,,,,,,,,,,,,
C52,C52,NW F1 hybrids,OR724164,M,Scopello,2018,12.813687,38.06703,,,,,,,,,,,,,
C53,C53,rossius,OR724165,F,Scopello,2018,12.813687,38.06703,,,,,,,,,,,,,
C54,C54,lynceorum,OR724166,NA,SP04,2018,15.034707,36.978432,,,,,,,,,,,,,
C55,C55,whitei,OR724167,F,SP04,2018,15.034707,36.978432,,,,,,,,,,,,,
C56,C56,whitei,OR724168,F,SP04,2018,15.034707,36.978432,,,,,,,,,,,,,
C57,C57,whitei,OR724169,F,SP04,2018,15.034707,36.978432,,,,,,,,,,,,,
C58,C58,atticus,OR724170,F,SP04,2018,15.034707,36.978432,,,,,,,,,,,,,
C59,C59,atticus,OR724171,F,SP04,2018,15.034707,36.978432,,,,,,,,,,,,,
C60,C60,SE hybridogen,OR724172,F,SP04,2018,15.034707,36.978432,,,,,,,,,,,,,
C61,C61,atticus,OR724173,F,SP04,2018,15.034707,36.978432,,,,,,,,,,,,,
C62,C62,atticus,OR724174,F,SP04,2018,15.034707,36.978432,,,,,,,,,,,,,
C63,C63,whitei,OR724175,F,SP04,2018,15.034707,36.978432,,,,,,,,,,,,,
C64,C64,atticus,OR724176,F,SP04,2018,15.034707,36.978432,,,,,,,,,,,,,
C65,C65,atticus,OR724177,F,SP04,2018,15.034707,36.978432,,,,,,,,,,,,,
C66,C66,whitei,OR724178,F,PalazzoloAcreide,2018,14.957433,37.040547,,,,,,,,,,,,,
C67,C67,whitei,OR724179,F,PalazzoloAcreide,2018,14.957433,37.040547,,,,,,,,,,,,,
C68,C68,whitei,OR724180,F,PalazzoloAcreide,2018,14.957433,37.040547,,,,,,,,,,,,,
C69,C69,whitei,OR724181,F,PalazzoloAcreide,2018,14.957433,37.040547,,,,,,,,,,,,,
C70,C70,whitei,OR724182,F,PalazzoloAcreide,2018,14.957433,37.040547,,,,,,,,,,,,,
C71,C71,whitei,OR724183,F,PalazzoloAcreide,2018,14.957433,37.040547,,,,,,,,,,,,,
C72,C72,whitei,OR724184,F,PalazzoloAcreide,2018,14.957433,37.040547,,,,,,,,,,,,,
C73,C73,whitei,OR724185,F,PalazzoloAcreide,2018,14.957433,37.040547,,,,,,,,,,,,,
C74,C74,whitei,OR724186,F,PalazzoloAcreide,2018,14.957433,37.040547,,,,,,,,,,,,,
C75,C75,whitei,OR724187,F,PalazzoloAcreide,2018,14.957433,37.040547,,,,,,,,,,,,,
C76,C76,whitei,OR724188,F,PalazzoloAcreide,2018,14.957433,37.040547,,,,,,,,,,,,,
C77,C77,whitei,OR724189,F,PalazzoloAcreide,2018,14.957433,37.040547,,,,,,,,,,,,,
C78,C78,whitei,OR724190,F,PalazzoloAcreide,2018,14.957433,37.040547,,,,,,,,,,,,,
C79,C79,whitei,OR724191,F,PalazzoloAcreide,2018,14.957433,37.040547,,,,,,,,,,,,,
C80,C80,whitei,OR724192,F,PalazzoloAcreide,2018,14.957433,37.040547,,,,,,,,,,,,,
C81,C81,whitei,OR724193,F,PalazzoloAcreide,2018,14.957433,37.040547,,,,,,,,,,,,,
C82,C82,grandii,OR724194,F,MP,2018,15.029407,36.980648,,,,,,,,,,,,,
C83,C83,grandii,OR724195,F,MP,2018,15.029407,36.980648,,,,,,,,,,,,,
C84,C84,whitei,OR724196,F,MP,2018,15.029407,36.980648,,,,,,,,,,,,,
C85,C85,whitei,OR724197,F,MP,2018,15.029407,36.980648,,,,,,,,,,,,,
C86,C86,grandii,OR724198,F,MP,2018,15.029407,36.980648,,,,,,,,,,,,,
C87,C87,grandii,OR724199,M,MP,2018,15.029407,36.980648,,,,,,,,,,,,,
C88,C88,SE hybridogen,OR724200,NA,MP,2018,15.029407,36.980648,,,,,,,,,,,,,
C89,C89,whitei,OR724201,F,MP,2018,15.029407,36.980648,,,,,,,,,,,,,
C90,C90,SE hybridogen,OR724202,F,MP,2018,15.029407,36.980648,,,,,,,,,,,,,
C91,C91,whitei,OR724203,NA,MP,2018,15.029407,36.980648,,,,,,,,,,,,,
C92,C92,grandii,OR724204,M,MP,2018,15.029407,36.980648,,,,,,,,,,,,,
C93,C93,grandii,OR724205,F,SP04,2018,15.034707,36.978432,,,,,,,,,,,,,
C95,C95,atticus,OR724206,F,Cassibile,2018,15.047276,36.985315,,,,,,,,,,,,,
C96,C96,atticus,OR724207,F,Cassibile,2018,15.047276,36.985315,,,,,,,,,,,,,
C98,C98,atticus,OR724208,F,Cassibile,2018,15.047276,36.985315,,,,,,,,,,,,,
C99,C99,atticus,OR724209,NA,Cassibile,2018,15.047276,36.985315,,,,,,,,,,,,,
D01,D01,whitei,OR724210,F,Cassibile,2018,15.047276,36.985315,,,,,,,,,,,,,
D02,D02,whitei,OR724211,F,Cassibile,2018,15.047276,36.985315,,,,,,,,,,,,,
D03,D03,atticus,OR724212,F,Cassibile,2018,15.047276,36.985315,,,,,,,,,,,,,
D04,D04,SE hybridogen,OR724213,M,Cassibile,2018,15.047276,36.985315,,,,,,,,,,,,,
D05,D05,grandii,OR724214,M,Cassibile,2018,15.047276,36.985315,,,,,,,,,,,,,
D06,D06,grandii,OR724215,F,Cassibile,2018,15.047276,36.985315,,,,,,,,,,,,,
D07,D07,grandii,OR724216,F,Cassibile,2018,15.047276,36.985315,,,,,,,,,,,,,
D08,D08,SE hybridogen,OR724217,NA,Cassibile,2018,15.047276,36.985315,,,,,,,,,,,,,
D09,D09,SE hybridogen,OR724218,F,Cassibile,2018,15.047276,36.985315,,,,,,,,,,,,,
D10,D10,whitei,OR724219,F,Cassibile,2018,15.047276,36.985315,,,,,,,,,,,,,
D11,D11,grandii,OR724220,M,Cassibile,2018,15.047276,36.985315,,,,,,,,,,,,,
D12,D12,SE hybridogen,OR724221,NA,Cassibile,2018,15.047276,36.985315,,,,,,,,,,,,,
D13,D13,grandii,OR724222,F,Cassibile,2018,15.047276,36.985315,,,,,,,,,,,,,
D14,D14,whitei,OR724223,F,Cassibile,2018,15.047276,36.985315,,,,,,,,,,,,,
D15,D15,grandii,OR724224,F,Cassibile,2018,15.047276,36.985315,,,,,,,,,,,,,
D16,D16,grandii,OR724225,M,Cassibile,2018,15.047276,36.985315,,,,,,,,,,,,,
D17,D17,grandii,OR724226,M,Cassibile,2018,15.047276,36.985315,,,,,,,,,,,,,
D18,D18,grandii,OR724227,M,Cassibile,2018,15.047276,36.985315,,,,,,,,,,,,,
D20,D20,grandii,OR724228,F,Cassibile,2018,15.047276,36.985315,,,,,,,,,,,,,
D21,D21,SE hybridogen,OR724229,F,Cassibile,2018,15.047276,36.985315,,,,,,,,,,,,,
D22,D22,grandii,OR724230,M,Cassibile,2018,15.047276,36.985315,,,,,,,,,,,,,
D23,D23,grandii,OR724231,M,Cassibile,2018,15.047276,36.985315,,,,,,,,,,,,,
D24,D24,grandii,OR724232,F,Cassibile,2018,15.047276,36.985315,,,,,,,,,,,,,
D25,D25,grandii,OR724233,F,Cassibile,2018,15.047276,36.985315,,,,,,,,,,,,,
D26,D26,grandii,OR724234,F,Cassibile,2018,15.047276,36.985315,,,,,,,,,,,,,
D27,D27,grandii,OR724235,M,Cassibile,2018,15.047276,36.985315,,,,,,,,,,,,,
D28,D28,grandii,OR724236,M,Cassibile,2018,15.047276,36.985315,,,,,,,,,,,,,
D29,D29,grandii,OR724237,F,Cassibile,2018,15.047276,36.985315,,,,,,,,,,,,,
D30,D30,grandii,OR724238,NA,Cassibile,2018,15.047276,36.985315,,,,,,,,,,,,,
D31,D31,grandii,OR724239,NA,Cassibile,2018,15.047276,36.985315,,,,,,,,,,,,,
D32,D32,lynceorum,OR724240,F,SP04,2018,15.034707,36.978432,,,,,,,,,,,,,
D33,D33,atticus,OR724241,F,SP04,2018,15.034707,36.978432,,,,,,,,,,,,,
D34,D34,novel,OR724242,F,SP04,2018,15.034707,36.978432,,,,,,,,,,,,,
D35,D35,atticus,OR724243,F,SP04,2018,15.034707,36.978432,,,,,,,,,,,,,
D36,D36,SE hybridogen,OR724244,F,SP04,2018,15.034707,36.978432,,,,,,,,,,,,,
D37,D37,whitei,OR724245,F,SP04,2018,15.034707,36.978432,,,,,,,,,,,,,
D38,D38,grandii,OR724246,F,SP04,2018,15.034707,36.978432,,,,,,,,,,,,,
D39,D39,whitei,OR724247,F,SP04,2018,15.034707,36.978432,,,,,,,,,,,,,
D40,D40,SE hybridogen,OR724248,F,SP04,2018,15.034707,36.978432,,,,,,,,,,,,,
D41,D41,lynceorum,OR724249,F,SP04,2018,15.034707,36.978432,,,,,,,,,,,,,
D44,,rossius,,NA,"La Ciotat, Figuerolles",2018,5.597489,43.166961,,,,,,,,,,,,,
D45,,rossius,,NA,"La Ciotat, Figuerolles",2018,5.597489,43.166961,,,,,,,,,,,,,
D46,,rossius,,NA,"La Ciotat, Figuerolles",2018,5.597489,43.166961,,,,,,,,,,,,,
D47,,,,NA,"La Ciotat, av. gare",2018,5.624613,43.198084,Clonopsis,gallica,,,,,,,,,,,
D48,,,,NA,"La Ciotat, av. gare",2018,5.624613,43.198084,Clonopsis,gallica,,,,,,,,,,,
D49,,rossius,,NA,"La Ciotat, av. gare",2018,5.624613,43.198084,,,,,,,,,,,,,
D50,,rossius,,NA,"La Ciotat, av. gare",2018,5.624613,43.198084,,,,,,,,,,,,,
D51,D51,lynceorum,OR724256,NA,FontaneBianche,2018,15.197869,36.955501,,,,,,,,,,,,,
D52,D52,lynceorum,OR724257,NA,FontaneBianche,2018,15.197869,36.955501,,,,,,,,,,,,,
D53,D53,lynceorum,OR724258,NA,FontaneBianche,2018,15.197869,36.955501,,,,,,,,,,,,,
D54,D54,lynceorum,OR724259,NA,FontaneBianche,2018,15.197869,36.955501,,,,,,,,,,,,,
D55,D55,benazzii,OR724260,NA,Scopello,2018,12.813687,38.06703,,,,,,,,,,,,,
D56,D56,rossius,OR724261,NA,Scopello,2018,12.813687,38.06703,,,,,,,,,,,,,
D57,D57,benazzii,OR724262,NA,Scopello,2018,12.813687,38.06703,,,,,,,,,,,,,
D58,D58,maretimi,OR724263,NA,Marettimo,2018,12.078274,37.958318,,,,,,,,,,,,,
D59,,,,F,Marettimo,2018,12.078274,37.958318,,,,,,,,,,,,,
E06,E06,SE hybridogen,OR724286,NA,SP04,2020,15.034707,36.978432,,,,,,,,,,,,,
E07,E07,lynceorum,OR724287,F,SantoPietro,2020,14.498408,37.094852,,,,,,,,,,,,,
E08,E08,lynceorum,OR724288,F,SantoPietro,2020,14.498408,37.094852,,,,,,,,,,,,,
E09,E09,lynceorum,OR724289,F,SantoPietro,2020,14.498408,37.094852,,,,,,,,,,,,,
E10,E10,lynceorum,OR724290,F,SantoPietro,2020,14.498408,37.094852,,,,,,,,,,,,,
E11,E11,lynceorum,OR724291,F,SantoPietro,2020,14.498408,37.094852,,,,,,,,,,,,,
E12,,SE hybridogen,,F,SP04,2020,15.034707,36.978432,,,,,,,,,,,,,
E13,E13,grandii,OR724293,F,SP04,2020,15.034707,36.978432,,,,,,,,,,,,,
E14,E14,SE hybridogen,OR724294,F,SP04,2020,15.034707,36.978432,,,,,,,,,,,,,
E15,,,,F,SP04,2020,15.034707,36.978432,,,,,,,,,,,,,
E16,,,,F,SP04,2020,15.034707,36.978432,,,,,,,,,,,,,
E18,E18,SE hybridogen,OR724297,F,SP04,2020,15.034707,36.978432,,,,,,,,,,,,,
E19,,,,NA,SP04,2020,15.034707,36.978432,,,,,,,,,,,,,
E20,,,,NA,SP04,2020,15.034707,36.978432,,,,,,,,,,,,,
E21,E21,grandii,OR724300,NA,SP04,2020,15.034707,36.978432,,,,,,,,,,,,,
E22,E22,grandii,OR724301,F,Cassibile,2020,15.047276,36.985315,,,,,,,,,,,,,
E23,,,,NA,Cassibile,2020,15.047276,36.985315,,,,,,,,,,,,,
E24,E24,SE hybridogen,OR724303,F,Cassibile,2020,15.047276,36.985315,,,,,,,,,,,,,
E25,,SE hybridogen,,NA,Cassibile,2020,15.047276,36.985315,,,,,,,,,,,,,
E26,E26,grandii,OR724305,NA,Cassibile,2020,15.047276,36.985315,,,,,,,,,,,,,
E27,,,,NA,Cassibile,2020,15.047276,36.985315,,,,,,,,,,,,,
E29,,,,NA,Cassibile,2020,15.047276,36.985315,,,,,,,,,,,,,
E30,E30,grandii,OR724308,NA,Cassibile,2020,15.047276,36.985315,,,,,,,,,,,,,
E31,E31,SE hybridogen,OR724309,NA,Cassibile,2020,15.047276,36.985315,,,,,,,,,,,,,
E32,E32,rossius,OR724310,F,Ravenna,2020,12.252333,44.364955,,,,,,,,,,,,,
E33,E33,rossius,OR724311,F,Ravenna,2020,12.252333,44.364955,,,,,,,,,,,,,
E34,E34,rossius,OR724312,F,Ravenna,2020,12.252333,44.364955,,,,,,,,,,,,,
E35,E35,rossius,OR724313,F,Ravenna,2020,12.252333,44.364955,,,,,,,,,,,,,
E36,E36,rossius,OR724314,F,Ravenna,2020,12.252333,44.364955,,,,,,,,,,,,,
E37,E37,rossius,OR724315,F,Ravenna,2020,12.252333,44.364955,,,,,,,,,,,,,
E38,E38,rossius,OR724316,F,Ravenna,2020,12.252333,44.364955,,,,,,,,,,,,,
E39,E39,SE hybridogen,OR724317,F,MP,2020,15.029407,36.980648,,,,,,,,,,,,,
E40,E40,SE hybridogen,OR724318,F,MP,2020,15.029407,36.980648,,,,,,,,,,,,,
E41,,SE hybridogen,,F,MP,2020,15.029407,36.980648,,,,,,,,,,,,,
E42,E42,SE hybridogen,OR724320,F,MP,2020,15.029407,36.980648,,,,,,,,,,,,,
E43,,,,NA,MP,2020,15.029407,36.980648,,,,,,,,,,,,,
E44,E44,SE hybridogen,OR724322,F,MP,2020,15.029407,36.980648,,,,,,,,,,,,,
E45,E45,SE hybridogen,OR724323,F,MP,2020,15.029407,36.980648,,,,,,,,,,,,,
E46,,SE hybridogen,,F,MP,2020,15.029407,36.980648,,,,,,,,,,,,,
E47,E47,whitei,OR724325,F,PalazzoloAcreide,2020,14.957433,37.040547,,,,,,,,,,,,,
E48,E48,whitei,OR724326,F,PalazzoloAcreide,2020,14.957433,37.040547,,,,,,,,,,,,,
E49,E49,whitei,OR724327,F,PalazzoloAcreide,2020,14.957433,37.040547,,,,,,,,,,,,,
E50,E50,whitei,OR724328,F,PalazzoloAcreide,2020,14.957433,37.040547,,,,,,,,,,,,,
E51,E51,whitei,OR724329,F,PalazzoloAcreide,2020,14.957433,37.040547,,,,,,,,,,,,,
E52,E52,whitei,OR724330,F,PalazzoloAcreide,2020,14.957433,37.040547,,,,,,,,,,,,,
E53,E53,whitei,OR724331,F,PalazzoloAcreide,2020,14.957433,37.040547,,,,,,,,,,,,,
E54,E54,whitei,OR724332,F,PalazzoloAcreide,2020,14.957433,37.040547,,,,,,,,,,,,,
E55,E55,whitei,OR724333,F,PalazzoloAcreide,2020,14.957433,37.040547,,,,,,,,,,,,,
E56,E56,whitei,OR724334,F,PalazzoloAcreide,2020,14.957433,37.040547,,,,,,,,,,,,,
E57,E57,whitei,OR724335,F,PalazzoloAcreide,2020,14.957433,37.040547,,,,,,,,,,,,,
E58,,rossius,,F,Pise,2020,10.345098,43.685626,,,,,,,,,,,,,
E59,,rossius,,F,Pise,2020,10.345098,43.685626,,,,,,,,,,,,,
E60,,rossius,,F,Pise,2020,10.345098,43.685626,,,,,,,,,,,,,
E61,,rossius,,F,Pise,2020,10.345098,43.685626,,,,,,,,,,,,,
E62,,rossius,,F,Pise,2020,10.345098,43.685626,,,,,,,,,,,,,
E63,,rossius,,F,Pise,2020,10.345098,43.685626,,,,,,,,,,,,,
E64,,rossius,,F,Pise,2020,10.345098,43.685626,,,,,,,,,,,,,
E65,,rossius,,F,Pise,2020,10.345098,43.685626,,,,,,,,,,,,,
E66,,rossius,,F,Pise,2020,10.345098,43.685626,,,,,,,,,,,,,
E67,,rossius,,F,Pise,2020,10.345098,43.685626,,,,,,,,,,,,,
E68,,rossius,,F,Pise,2020,10.345098,43.685626,,,,,,,,,,,,,
E69,,,,F,Pise,2020,10.345098,43.685626,,,,,,,,,,,,,
E70,,rossius,,F,Pise,2020,10.345098,43.685626,,,,,,,,,,,,,
E71,,rossius,,F,Pise,2020,10.345098,43.685626,,,,,,,,,,,,,
E73,,rossius,,F,Pise,2020,10.345098,43.685626,,,,,,,,,,,,,
E74,,rossius,,F,Pise,2020,10.345098,43.685626,,,,,,,,,,,,,
E75,,rossius,,F,Pise,2020,10.345098,43.685626,,,,,,,,,,,,,
E76,,rossius,,F,Pise,2020,10.345098,43.685626,,,,,,,,,,,,,
E77,,rossius,,F,Pise,2020,10.345098,43.685626,,,,,,,,,,,,,
E78,,rossius,,F,Pise,2020,10.345098,43.685626,,,,,,,,,,,,,
E81,E81,rossius,OR724356,NA,Cefalu,2020,14.030295,38.036455,,,,,,,,,,,,,
E82,E82,rossius,OR724357,NA,Cefalu,2020,14.030295,38.036455,,,,,,,,,,,,,
E83,,,,NA,Cefalu,2020,14.030295,38.036455,,,,,,,,,,,,,
E84,E84,NW hybridogen,OR724359,F,ScopelloNord,2020,12.801457,38.059454,,,,,,,,,,,,,
E85,E85,NW F1 hybrids,OR724360,F,ScopelloNord,2020,12.801457,38.059454,,,,,,,,,,,,,
E86,E86,benazzii,OR724361,F,ScopelloNord,2020,12.801457,38.059454,,,,,,,,,,,,,
E87,E87,benazzii,OR724362,F,ScopelloNord,2020,12.801457,38.059454,,,,,,,,,,,,,
E88,E88,rossius,OR724363,F,ScopelloNord,2020,12.801457,38.059454,,,,,,,,,,,,,
E89,E89,NW F1 hybrids,OR724364,M,ScopelloNord,2020,12.801457,38.059454,,,,,,,,,,,,,
E90,E90,benazzii,OR724365,M,ScopelloNord,2020,12.801457,38.059454,,,,,,,,,,,,,
E91,E91,benazzii,OR724366,M,ScopelloNord,2020,12.801457,38.059454,,,,,,,,,,,,,
E92,,NW F1 hybrids,,F,ScopelloNord,2020,12.801457,38.059454,,,,,,,,,,,,,
E93,E93,NW hybridogen,OR724368,F,ScopelloNord,2020,12.801457,38.059454,,,,,,,,,,,,,
E94,E94,benazzii,OR724369,F,ScopelloNord,2020,12.801457,38.059454,,,,,,,,,,,,,
E95,E95,rossius,OR724370,F,ScopelloNord,2020,12.801457,38.059454,,,,,,,,,,,,,
E96,E96,NW F1 hybrids,OR724371,F,ScopelloNord,2020,12.801457,38.059454,,,,,,,,,,,,,
E97,E97,rossius,-,F,ScopelloNord,2020,12.801457,38.059454,,,,,,,,,,,,,
E98,,,,NA,ScopelloNord,2020,12.801457,38.059454,,,,,,,,,,,,,
E99,E99,rossius,OR724373,F,ScopelloNord,2020,12.801457,38.059454,,,,,,,,,,,,,
F01,F01,benazzii,OR724374,M,ScopelloNord,2020,12.801457,38.059454,,,,,,,,,,,,,
F02,F02,rossius,OR724375,F,ScopelloNord,2020,12.801457,38.059454,,,,,,,,,,,,,
F03,F03,rossius,OR724376,F,ScopelloNord,2020,12.801457,38.059454,,,,,,,,,,,,,
F04,F04,rossius,OR724377,F,ScopelloNord,2020,12.801457,38.059454,,,,,,,,,,,,,
F05,F05,NW hybridogen,OR724378,F,ScopelloNord,2020,12.801457,38.059454,,,,,,,,,,,,,
F06,F06,NW F1 hybrids,OR724379,M,ScopelloNord,2020,12.801457,38.059454,,,,,,,,,,,,,
F07,,NW F1 hybrids,,M,ScopelloNord,2020,12.801457,38.059454,,,,,,,,,,,,,
F08,F08,NW F1 hybrids,-,M,ScopelloNord,2020,12.801457,38.059454,,,,,,,,,,,,,
F09,F09,benazzii,-,M,ScopelloNord,2020,12.801457,38.059454,,,,,,,,,,,,,
F10,F10,NW F1 hybrids,OR724380,F,ScopelloNord,2020,12.801457,38.059454,,,,,,,,,,,,,
F11,F11,rossius,OR724381,NA,ScopelloNord,2020,12.801457,38.059454,,,,,,,,,,,,,
F12,F12,NW F1 hybrids,OR724382,M,ScopelloNord,2020,12.801457,38.059454,,,,,,,,,,,,,
F13,F13,rossius,OR724383,F,ScopelloNord,2020,12.801457,38.059454,,,,,,,,,,,,,
F14,F14,NW hybridogen,OR724384,F,ScopelloNord,2020,12.801457,38.059454,,,,,,,,,,,,,
F15,F15,rossius,OR724385,F,ScopelloNord,2020,12.801457,38.059454,,,,,,,,,,,,,
F16,F16,rossius,-,F,ScopelloNord,2020,12.801457,38.059454,,,,,,,,,,,,,
F17,F17,rossius,-,F,ScopelloNord,2020,12.801457,38.059454,,,,,,,,,,,,,
F18,F18,benazzii,OR724386,F,ScopelloNord,2020,12.801457,38.059454,,,,,,,,,,,,,
F19,,,,NA,ScopelloNord,2020,12.801457,38.059454,,,,,,,,,,,,,
F20,,,,NA,ScopelloNord,2020,12.801457,38.059454,,,,,,,,,,,,,
F21,F21,NW hybridogen,-,F,ScopelloNord,2020,12.801457,38.059454,,,,,,,,,,,,,
F22,,,,F,ScopelloNord,2020,12.801457,38.059454,,,,,,,,,,,,,
F23,F23,rossius,OR724390,F,ScopelloNord,2020,12.801457,38.059454,,,,,,,,,,,,,
F24,F24,NW hybridogen,OR724391,F,ScopelloNord,2020,12.801457,38.059454,,,,,,,,,,,,,
F25,F25,rossius,OR724392,F,ScopelloNord,2020,12.801457,38.059454,,,,,,,,,,,,,
F26,,,,NA,ScopelloNord,2020,12.801457,38.059454,,,,,,,,,,,,,
F27,F27,benazzii,OR724394,M,ScopelloNord,2020,12.801457,38.059454,,,,,,,,,,,,,
F28,F28,NW F1 hybrids,OR724395,M,ScopelloNord,2020,12.801457,38.059454,,,,,,,,,,,,,
F29,F29,NW hybridogen,OR724396,F,ScopelloNord,2020,12.801457,38.059454,,,,,,,,,,,,,
F30,F30,benazzii,OR724397,F,ScopelloNord,2020,12.801457,38.059454,,,,,,,,,,,,,
F31,F31,rossius,-,F,ScopelloNord,2020,12.801457,38.059454,,,,,,,,,,,,,
F32,F32,benazzii,-,F,ScopelloNord,2020,12.801457,38.059454,,,,,,,,,,,,,
F33,,,,F,ScopelloNord,2020,12.801457,38.059454,,,,,,,,,,,,,
F34,F34,benazzii,-,M,ScopelloNord,2020,12.801457,38.059454,,,,,,,,,,,,,
F35,F35,benazzii,OR724399,M,ScopelloNord,2020,12.801457,38.059454,,,,,,,,,,,,,
F36,F36,benazzii,OR724400,M,ScopelloNord,2020,12.801457,38.059454,,,,,,,,,,,,,
F37,F37,NW F1 hybrids,OR724401,NA,ScopelloNord,2020,12.801457,38.059454,,,,,,,,,,,,,
F38,F38,rossius,OR724402,NA,ScopelloNord,2020,12.801457,38.059454,,,,,,,,,,,,,
F39,F39,benazzii,OR724403,F,ScopelloNord,2020,12.801457,38.059454,,,,,,,,,,,,,
F40,F40,NW F1 hybrids,OR724404,M,ScopelloNord,2020,12.801457,38.059454,,,,,,,,,,,,,
F41,F41,NW hybridogen,OR724405,F,ScopelloNord,2020,12.801457,38.059454,,,,,,,,,,,,,
F42,F42,NW F1 hybrids,OR724406,M,ScopelloNord,2020,12.801457,38.059454,,,,,,,,,,,,,
F43,F43,rossius,-,NA,ScopelloNord,2020,12.801457,38.059454,,,,,,,,,,,,,
F44,F44,rossius,-,F,ScopelloNord,2020,12.801457,38.059454,,,,,,,,,,,,,
F45,F45,NW hybridogen,-,F,ScopelloNord,2020,12.801457,38.059454,,,,,,,,,,,,,
F46,F46,NW hybridogen,-,F,ScopelloNord,2020,12.801457,38.059454,,,,,,,,,,,,,
F47,F47,NW hybridogen,OR724407,F,ScopelloNord,2020,12.801457,38.059454,,,,,,,,,,,,,
F48,F48,rossius,OR724408,NA,ScopelloNord,2020,12.801457,38.059454,,,,,,,,,,,,,
F49,F49,benazzii,OR724409,F,ScopelloNord,2020,12.801457,38.059454,,,,,,,,,,,,,
F50,,,,NA,ScopelloNord,2020,12.801457,38.059454,,,,,,,,,,,,,
F51,F51,benazzii,OR724411,M,ScopelloNord,2020,12.801457,38.059454,,,,,,,,,,,,,
F52,F52,benazzii,OR724412,F,ScopelloNord,2020,12.801457,38.059454,,,,,,,,,,,,,
F53,F53,rossius,OR724413,F,ScopelloNord,2020,12.801457,38.059454,,,,,,,,,,,,,
F54,,NW hybridogen,,F,ScopelloNord,2020,12.801457,38.059454,,,,,,,,,,,,,
F55,F55,benazzii,-,NA,Levanzo,2020,12.332778,38.003212,,,,,,,,,,,,,
F56,,benazzii,,NA,Levanzo,2020,12.332778,38.003212,,,,,,,,,,,,,
F57,,rossius,,F,Vesuve,2020,14.4146,40.818008,,,,,,,,,,,,,
F58,,rossius,,F,Vesuve,2020,14.4146,40.818008,,,,,,,,,,,,,
F59,,rossius,,F,Vesuve,2020,14.4146,40.818008,,,,,,,,,,,,,
F60,,,,F,Vesuve,2020,14.4146,40.818008,,,,,,,,,,,,,
F61,,rossius,,F,Vesuve,2020,14.4146,40.818008,,,,,,,,,,,,,
F62,,,,M,Vesuve,2020,14.4146,40.818008,,,,,,,,,,,,,
F63,,rossius,,M,Vesuve,2020,14.4146,40.818008,,,,,,,,,,,,,
F64,,rossius,,M,Vesuve,2020,14.4146,40.818008,,,,,,,,,,,,,
F65,,,,M,Vesuve,2020,14.4146,40.818008,,,,,,,,,,,,,
F66,,rossius,,M,Vesuve,2020,14.4146,40.818008,,,,,,,,,,,,,
F67,,rossius,,M,Vesuve,2020,14.4146,40.818008,,,,,,,,,,,,,
F68,,rossius,,M,Vesuve,2020,14.4146,40.818008,,,,,,,,,,,,,
F69,,rossius,,M,Vesuve,2020,14.4146,40.818008,,,,,,,,,,,,,
F70,,rossius,,F,Vesuve,2020,14.4146,40.818008,,,,,,,,,,,,,
F71,,rossius,,F,Vesuve,2020,14.4146,40.818008,,,,,,,,,,,,,
F72,,rossius,,F,Vesuve,2020,14.4146,40.818008,,,,,,,,,,,,,
F73,,rossius,,M,Vesuve,2020,14.4146,40.818008,,,,,,,,,,,,,
F75,,rossius,,NA,Vesuve,2020,14.4146,40.818008,,,,,,,,,,,,,
F78,,rossius,,NA,Vesuve,2020,14.4146,40.818008,,,,,,,,,,,,,
F79,,rossius,,NA,Vesuve,2020,14.4146,40.818008,,,,,,,,,,,,,
F80,,rossius,,M,Vesuve,2020,14.4146,40.818008,,,,,,,,,,,,,
F81,,rossius,,M,Vesuve,2020,14.4146,40.818008,,,,,,,,,,,,,
F83,,rossius,,M,Vesuve,2020,14.4146,40.818008,,,,,,,,,,,,,
F84,,rossius,,M,Vesuve,2020,14.4146,40.818008,,,,,,,,,,,,,
F86,F86,rossius,OR724438,NA,Scopello,2020,12.813687,38.06703,,,,,,,,,,,,,
F87,,NW hybridogen,,F,Scopello,2020,12.813687,38.06703,,,,,,,,,,,,,
F88,F88,NW hybridogen,OR724440,F,Scopello,2020,12.813687,38.06703,,,,,,,,,,,,,
F89,F89,rossius,OR724441,NA,Scopello,2020,12.813687,38.06703,,,,,,,,,,,,,
F90,F90,rossius,OR724442,NA,Scopello,2020,12.813687,38.06703,,,,,,,,,,,,,
F91,F91,benazzii,-,NA,Scopello,2020,12.813687,38.06703,,,,,,,,,,,,,
F92,,NW F1 hybrids,,NA,Scopello,2020,12.813687,38.06703,,,,,,,,,,,,,
F93,F93,benazzii,-,NA,Scopello,2020,12.813687,38.06703,,,,,,,,,,,,,
F94,F94,rossius,OR724443,F,Scopello,2020,12.813687,38.06703,,,,,,,,,,,,,
F95,,,,NA,Scopello,2020,12.813687,38.06703,,,,,,,,,,,,,
F96,,rossius,,NA,Scopello,2020,12.813687,38.06703,,,,,,,,,,,,,
F97,F97,rossius,OR724446,NA,Scopello,2020,12.813687,38.06703,,,,,,,,,,,,,
F98,F98,lynceorum,OR724447,NA,Scopello,2020,12.813687,38.06703,,,,,,,,,,,,,
F99,F99,NW hybridogen,OR724448,F,Scopello,2020,12.813687,38.06703,,,,,,,,,,,,,
G01,G01,rossius,OR724449,F,Scopello,2020,12.813687,38.06703,,,,,,,,,,,,,
G02,G02,rossius,OR724450,NA,Scopello,2020,12.813687,38.06703,,,,,,,,,,,,,
G03,G03,rossius,OR724451,F,Scopello,2020,12.813687,38.06703,,,,,,,,,,,,,
G04,,,,NA,Scopello,2020,12.813687,38.06703,,,,,,,,,,,,,
G05,G05,rossius,OR724453,NA,Scopello,2020,12.813687,38.06703,,,,,,,,,,,,,
G06,G06,rossius,OR724454,NA,Scopello,2020,12.813687,38.06703,,,,,,,,,,,,,
G07,G07,rossius,OR724455,NA,Scopello,2020,12.813687,38.06703,,,,,,,,,,,,,
G08,G08,rossius,OR724456,NA,Scopello,2020,12.813687,38.06703,,,,,,,,,,,,,
G09,G09,rossius,OR724457,NA,Scopello,2020,12.813687,38.06703,,,,,,,,,,,,,
G10,G10,rossius,OR724458,NA,Scopello,2020,12.813687,38.06703,,,,,,,,,,,,,
G11,G11,rossius,OR724459,NA,Scopello,2020,12.813687,38.06703,,,,,,,,,,,,,
G12,G12,NW hybridogen,OR724460,F,Scopello,2020,12.813687,38.06703,,,,,,,,,,,,,
G13,G13,rossius,OR724461,F,Scopello,2020,12.813687,38.06703,,,,,,,,,,,,,
G14,G14,rossius,OR724462,NA,Scopello,2020,12.813687,38.06703,,,,,,,,,,,,,
G15,G15,rossius,OR724463,NA,Scopello,2020,12.813687,38.06703,,,,,,,,,,,,,
G16,G16,rossius,OR724464,NA,Scopello,2020,12.813687,38.06703,,,,,,,,,,,,,
G17,,,,F,Scopello,2020,12.813687,38.06703,,,,,,,,,,,,,
G18,,rossius,,F,Scopello,2020,12.813687,38.06703,,,,,,,,,,,,,
G19,G19,rossius,OR724466,F,Scopello,2020,12.813687,38.06703,,,,,,,,,,,,,
G20,G20,benazzii,OR724467,NA,Scopello,2020,12.813687,38.06703,,,,,,,,,,,,,
G21,,rossius,,F,Forgiano,2020,17.138883,38.999274,,,,,,,,,,,,,
G22,,rossius,,F,Forgiano,2020,17.138883,38.999274,,,,,,,,,,,,,
G23,,rossius,,F,Forgiano,2020,17.138883,38.999274,,,,,,,,,,,,,
G24,,rossius,,F,Forgiano,2020,17.138883,38.999274,,,,,,,,,,,,,
G25,,rossius,,F,Forgiano,2020,17.138883,38.999274,,,,,,,,,,,,,
G26,,rossius,,F,Forgiano,2020,17.138883,38.999274,,,,,,,,,,,,,
G27,,rossius,,F,Forgiano,2020,17.138883,38.999274,,,,,,,,,,,,,
G28,,rossius,,F,Forgiano,2020,17.138883,38.999274,,,,,,,,,,,,,
G29,,rossius,,NA,Forgiano,2020,17.138883,38.999274,,,,,,,,,,,,,
G30,,rossius,,NA,Forgiano,2020,17.138883,38.999274,,,,,,,,,,,,,
G31,,rossius,,NA,Forgiano,2020,17.138883,38.999274,,,,,,,,,,,,,
G32,,rossius,,NA,Forgiano,2020,17.138883,38.999274,,,,,,,,,,,,,
G33,,rossius,,NA,Forgiano,2020,17.138883,38.999274,,,,,,,,,,,,,
G34,,rossius,,NA,Forgiano,2020,17.138883,38.999274,,,,,,,,,,,,,
G35,,rossius,,NA,Forgiano,2020,17.138883,38.999274,,,,,,,,,,,,,
G36,,rossius,,F,Sant,Ambrogio,2020,14.103638,38.011168,,,,,,,,,,,,
G37,,rossius,,F,Sant,Ambrogio,2020,14.103638,38.011168,,,,,,,,,,,,
G38,,,,F,Sant,Ambrogio,2020,14.103638,38.011168,,,,,,,,,,,,
G39,,rossius,,NA,Sant,Ambrogio,2020,14.103638,38.011168,,,,,,,,,,,,
G40,,rossius,,NA,Sant,Ambrogio,2020,14.103638,38.011168,,,,,,,,,,,,
G41,,rossius,,NA,Sant,Ambrogio,2020,14.103638,38.011168,,,,,,,,,,,,
G42,,rossius,,NA,Sant,Ambrogio,2020,14.103638,38.011168,,,,,,,,,,,,
G43,,,,NA,Sant,Ambrogio,2020,14.103638,38.011168,,,,,,,,,,,,
G45,,rossius,,NA,Sant,Ambrogio,2020,14.103638,38.011168,,,,,,,,,,,,
G46,,,,NA,Sant,Ambrogio,2020,14.103638,38.011168,,,,,,,,,,,,
G47,,rossius,,NA,Sant,Ambrogio,2020,14.103638,38.011168,,,,,,,,,,,,
G48,,rossius,,NA,Sant,Ambrogio,2020,14.103638,38.011168,,,,,,,,,,,,
G49,,,,NA,Sant,Ambrogio,2020,14.103638,38.011168,,,,,,,,,,,,
G50,,,,NA,Sant,Ambrogio,2020,14.103638,38.011168,,,,,,,,,,,,
G51,,,,NA,Sant,Ambrogio,2020,14.103638,38.011168,,,,,,,,,,,,
G52,G52,SE hybridogen,OR724494,F,SP04,2020,15.034707,36.978432,,,,,,,,,,,,,
G53,G53,SE hybridogen,OR724495,F,SP04,2020,15.034707,36.978432,,,,,,,,,,,,,
G54,G54,SE hybridogen,OR724496,F,SP04,2020,15.034707,36.978432,,,,,,,,,,,,,
G55,G55,SE hybridogen,OR724497,F,SP04,2020,15.034707,36.978432,,,,,,,,,,,,,
G56,G56,grandii,OR724498,F,SP04,2020,15.034707,36.978432,,,,,,,,,,,,,
G57,G57,whitei,OR724499,F,SP04,2020,15.034707,36.978432,,,,,,,,,,,,,
G58,G58,grandii,OR724500,M,SP04,2020,15.034707,36.978432,,,,,,,,,,,,,
G59,G59,grandii,-,M,SP04,2020,15.034707,36.978432,,,,,,,,,,,,,
G60,G60,SE hybridogen,OR724501,F,SP04,2020,15.034707,36.978432,,,,,,,,,,,,,
G61,G61,SE hybridogen,OR724502,F,SP04,2020,15.034707,36.978432,,,,,,,,,,,,,
G62,G62,whitei,OR724503,F,SP04,2020,15.034707,36.978432,,,,,,,,,,,,,
G63,G63,whitei,OR724504,F,SP04,2020,15.034707,36.978432,,,,,,,,,,,,,
G64,G64,SE hybridogen,OR724505,F,SP04,2020,15.034707,36.978432,,,,,,,,,,,,,
G65,G65,grandii,OR724506,F,SP04,2020,15.034707,36.978432,,,,,,,,,,,,,
G66,G66,maretimi,OR724507,NA,Marettimo,2020,12.078274,37.958318,,,,,,,,,,,,,
G67,G67,whitei,OR724508,F,Cassibile,2020,15.047276,36.985315,,,,,,,,,,,,,
G68,G68,grandii,OR724509,F,Cassibile,2020,15.047276,36.985315,,,,,,,,,,,,,
G69,G69,grandii,OR724510,F,Cassibile,2020,15.047276,36.985315,,,,,,,,,,,,,
G70,G70,SE hybridogen,OR724511,F,Cassibile,2020,15.047276,36.985315,,,,,,,,,,,,,
G71,,grandii,,F,Cassibile,2020,15.047276,36.985315,,,,,,,,,,,,,
G72,G72,grandii,OR724513,M,Cassibile,2020,15.047276,36.985315,,,,,,,,,,,,,
G73,,,,M,Cassibile,2020,15.047276,36.985315,,,,,,,,,,,,,
G74,G74,grandii,OR724515,M,Cassibile,2020,15.047276,36.985315,,,,,,,,,,,,,
G75,G75,grandii,OR724516,M,Cassibile,2020,15.047276,36.985315,,,,,,,,,,,,,
G76,G76,novel,OR724517,NA,Cassibile,2020,15.047276,36.985315,,,,,,,,,,,,,
G77,G77,whitei,OR724518,F,Cassibile,2020,15.047276,36.985315,,,,,,,,,,,,,
G78,G78,whitei,OR724519,F,Cassibile,2020,15.047276,36.985315,,,,,,,,,,,,,
G79,,,,NA,Cassibile,2020,15.047276,36.985315,,,,,,,,,,,,,
G80,G80,grandii,OR724521,M,Cassibile,2020,15.047276,36.985315,,,,,,,,,,,,,
G81,G81,SE hybridogen,OR724522,F,Cassibile,2020,15.047276,36.985315,,,,,,,,,,,,,
G82,G82,grandii,OR724523,F,Cassibile,2020,15.047276,36.985315,,,,,,,,,,,,,
G83,G83,lynceorum,OR724524,F,Cassibile,2020,15.047276,36.985315,,,,,,,,,,,,,
G84,G84,grandii,OR724525,M,Cassibile,2020,15.047276,36.985315,,,,,,,,,,,,,
G85,G85,grandii,OR724526,M,Cassibile,2020,15.047276,36.985315,,,,,,,,,,,,,
G86,G86,grandii,OR724527,M,Cassibile,2020,15.047276,36.985315,,,,,,,,,,,,,
G87,G87,grandii,OR724528,M,Cassibile,2020,15.047276,36.985315,,,,,,,,,,,,,
G88,G88,novel,OR724529,NA,Cassibile,2020,15.047276,36.985315,,,,,,,,,,,,,
G89,G89,grandii,OR724530,M,Cassibile,2020,15.047276,36.985315,,,,,,,,,,,,,
G90,G90,whitei,OR724531,F,Cassibile,2020,15.047276,36.985315,,,,,,,,,,,,,
G91,G91,grandii,OR724532,M,Cassibile,2020,15.047276,36.985315,,,,,,,,,,,,,
G92,G92,grandii,OR724533,F,Cassibile,2020,15.047276,36.985315,,,,,,,,,,,,,
G93,G93,whitei,OR724534,F,Cassibile,2020,15.047276,36.985315,,,,,,,,,,,,,
G94,G94,lynceorum,OR724535,F,Cassibile,2020,15.047276,36.985315,,,,,,,,,,,,,
G95,G95,grandii,OR724536,F,Cassibile,2020,15.047276,36.985315,,,,,,,,,,,,,
G96,G96,grandii,OR724537,M,Cassibile,2020,15.047276,36.985315,,,,,,,,,,,,,
G97,,,,F,Cassibile,2020,15.047276,36.985315,,,,,,,,,,,,,
G98,G98,SE hybridogen,OR724539,F,Cassibile,2020,15.047276,36.985315,,,,,,,,,,,,,
G99,,,,F,Cassibile,2020,15.047276,36.985315,,,,,,,,,,,,,
H01,H01,rossius,OR724541,F,Patti,2020,15.005889,38.107282,,,,,,,,,,,,,
H02,H02,rossius,-,F,Patti,2020,15.005889,38.107282,,,,,,,,,,,,,
H03,,,,F,Patti,2020,15.005889,38.107282,,,,,,,,,,,,,
H04,H04,rossius,OR724543,F,Patti,2020,15.005889,38.107282,,,,,,,,,,,,,
H05,H05,rossius,OR724544,F,Patti,2020,15.005889,38.107282,,,,,,,,,,,,,
H06,H06,rossius,OR724545,F,Patti,2020,15.005889,38.107282,,,,,,,,,,,,,
H07,H07,rossius,OR724546,F,Patti,2020,15.005889,38.107282,,,,,,,,,,,,,
H08,H08,rossius,-,F,Patti,2020,15.005889,38.107282,,,,,,,,,,,,,
H09,H09,rossius,OR724547,M,Patti,2020,15.005889,38.107282,,,,,,,,,,,,,
H10,H10,rossius,OR724548,M,Patti,2020,15.005889,38.107282,,,,,,,,,,,,,
H11,H11,rossius,OR724549,M,Patti,2020,15.005889,38.107282,,,,,,,,,,,,,
H13,,,,NA,Patti,2020,15.005889,38.107282,,,,,,,,,,,,,
H14,H14,rossius,OR724551,NA,Patti,2020,15.005889,38.107282,,,,,,,,,,,,,
H15,H15,rossius,OR724552,NA,Patti,2020,15.005889,38.107282,,,,,,,,,,,,,
H16,H16,rossius,OR724553,NA,Patti,2020,15.005889,38.107282,,,,,,,,,,,,,
H17,H17,rossius,OR724554,M,Patti,2020,15.005889,38.107282,,,,,,,,,,,,,
H18,H18,rossius,OR724555,M,Patti,2020,15.005889,38.107282,,,,,,,,,,,,,
H19,H19,rossius,OR724556,M,Patti,2020,15.005889,38.107282,,,,,,,,,,,,,
H20,,rossius,,M,Patti,2020,15.005889,38.107282,,,,,,,,,,,,,
H21,H21,rossius,-,M,Patti,2020,15.005889,38.107282,,,,,,,,,,,,,
H22,H22,rossius,OR724558,M,Patti,2020,15.005889,38.107282,,,,,,,,,,,,,
H23,H23,rossius,OR724559,M,Patti,2020,15.005889,38.107282,,,,,,,,,,,,,
H24,H24,rossius,OR724560,F,Patti,2020,15.005889,38.107282,,,,,,,,,,,,,
H25,,,,F,Patti,2020,15.005889,38.107282,,,,,,,,,,,,,
H26,H26,rossius,OR724562,M,Patti,2020,15.005889,38.107282,,,,,,,,,,,,,
H27,H27,SE hybridogen,OR724563,F,MP,2020,15.029407,36.980648,,,,,,,,,,,,,
H28,H28,grandii,OR724564,F,MP,2020,15.029407,36.980648,,,,,,,,,,,,,
H29,H29,grandii,OR724565,F,MP,2020,15.029407,36.980648,,,,,,,,,,,,,
H30,H30,SE hybridogen,OR724566,F,MP,2020,15.029407,36.980648,,,,,,,,,,,,,
H31,H31,SE hybridogen,OR724567,F,MP,2020,15.029407,36.980648,,,,,,,,,,,,,
H32,H32,whitei,OR724568,F,MP,2020,15.029407,36.980648,,,,,,,,,,,,,
H33,H33,grandii,OR724569,M,MP,2020,15.029407,36.980648,,,,,,,,,,,,,
H34,H34,grandii,OR724570,M,MP,2020,15.029407,36.980648,,,,,,,,,,,,,
H35,H35,grandii,OR724571,M,MP,2020,15.029407,36.980648,,,,,,,,,,,,,
H36,H36,grandii,OR724572,M,MP,2020,15.029407,36.980648,,,,,,,,,,,,,
H37,,,,M,MP,2020,15.029407,36.980648,,,,,,,,,,,,,
H38,H38,grandii,OR724574,M,MP,2020,15.029407,36.980648,,,,,,,,,,,,,
H39,,,,NA,MP,2020,15.029407,36.980648,,,,,,,,,,,,,
H40,H40,grandii,OR724576,M,MP,2020,15.029407,36.980648,,,,,,,,,,,,,
H41,H41,grandii,OR724577,M,MP,2020,15.029407,36.980648,,,,,,,,,,,,,
H42,H42,whitei,OR724578,F,MP,2020,15.029407,36.980648,,,,,,,,,,,,,
H43,H43,SE hybridogen,OR724579,F,MP,2020,15.029407,36.980648,,,,,,,,,,,,,
H44,H44,grandii,OR724580,M,MP,2020,15.029407,36.980648,,,,,,,,,,,,,
H45,H45,SE hybridogen,OR724581,F,MP,2020,15.029407,36.980648,,,,,,,,,,,,,
H46,H46,SE hybridogen,OR724582,F,MP,2020,15.029407,36.980648,,,,,,,,,,,,,
H47,H47,SE hybridogen,OR724583,F,MP,2020,15.029407,36.980648,,,,,,,,,,,,,
H48,,grandii,,M,MP,2020,15.029407,36.980648,,,,,,,,,,,,,
H49,,,,M,MP,2020,15.029407,36.980648,,,,,,,,,,,,,
H50,H50,SE hybridogen,OR724586,F,MP,2020,15.029407,36.980648,,,,,,,,,,,,,
H51,H51,grandii,OR724587,M,MP,2020,15.029407,36.980648,,,,,,,,,,,,,
H52,H52,benazzii,OR724588,F,Scopello,2020,12.813687,38.06703,,,,,,,,,,,,,
H53,H53,benazzii,OR724589,F,Scopello,2020,12.813687,38.06703,,,,,,,,,,,,,
H54,H54,rossius,OR724590,F,Scopello,2020,12.813687,38.06703,,,,,,,,,,,,,
H55,H55,benazzii,OR724591,NA,Scopello,2020,12.813687,38.06703,,,,,,,,,,,,,
H56,H56,rossius,OR724592,F,Scopello,2020,12.813687,38.06703,,,,,,,,,,,,,
H57,H57,rossius,OR724593,F,Scopello,2020,12.813687,38.06703,,,,,,,,,,,,,
H58,H58,rossius,OR724594,F,Scopello,2020,12.813687,38.06703,,,,,,,,,,,,,
H59,H59,benazzii,OR724595,F,Scopello,2020,12.813687,38.06703,,,,,,,,,,,,,
H60,H60,benazzii,OR724596,M,Scopello,2020,12.813687,38.06703,,,,,,,,,,,,,
H61,,,,F,Scopello,2020,12.813687,38.06703,,,,,,,,,,,,,
H62,H62,benazzii,OR724598,F,Scopello,2020,12.813687,38.06703,,,,,,,,,,,,,
H63,H63,benazzii,OR724599,F,Scopello,2020,12.813687,38.06703,,,,,,,,,,,,,
H64,H64,benazzii,OR724600,F,Scopello,2020,12.813687,38.06703,,,,,,,,,,,,,
H65,H65,rossius,OR724601,F,Scopello,2020,12.813687,38.06703,,,,,,,,,,,,,
H66,H66,benazzii,OR724602,NA,Scopello,2020,12.813687,38.06703,,,,,,,,,,,,,
H67,H67,benazzii,OR724603,M,Scopello,2020,12.813687,38.06703,,,,,,,,,,,,,
H68,,,,M,Scopello,2020,12.813687,38.06703,,,,,,,,,,,,,
H69,H69,benazzii,OR724604,M,Scopello,2020,12.813687,38.06703,,,,,,,,,,,,,
H70,H70,rossius,OR724605,F,ScopelloNord,2020,12.801457,38.059454,,,,,,,,,,,,,
H71,H71,rossius,OR724606,F,ScopelloNord,2020,12.801457,38.059454,,,,,,,,,,,,,
H72,H72,NW hybridogen,OR724607,F,ScopelloNord,2020,12.801457,38.059454,,,,,,,,,,,,,
H73,,,,F,ScopelloNord,2020,12.801457,38.059454,,,,,,,,,,,,,
H74,H74,NW hybridogen,OR724609,F,ScopelloNord,2020,12.801457,38.059454,,,,,,,,,,,,,
H75,H75,NW F1 hybrids,OR724610,M,ScopelloNord,2020,12.801457,38.059454,,,,,,,,,,,,,
H76,,rossius,,F,ScopelloNord,2020,12.801457,38.059454,,,,,,,,,,,,,
H77,H77,rossius,OR724612,NA,ScopelloNord,2020,12.801457,38.059454,,,,,,,,,,,,,
H78,H78,SE hybridogen,OR724613,F,Cassibile,2020,15.047276,36.985315,,,,,,,,,,,,,
H79,H79,grandii,OR724614,F,Cassibile,2020,15.047276,36.985315,,,,,,,,,,,,,
H80,H80,whitei,OR724615,F,Cassibile,2020,15.047276,36.985315,,,,,,,,,,,,,
H81,,grandii,,M,Cassibile,2020,15.047276,36.985315,,,,,,,,,,,,,
H82,H82,grandii,OR724617,F,Cassibile,2020,15.047276,36.985315,,,,,,,,,,,,,
H83,H83,grandii,OR724618,M,Cassibile,2020,15.047276,36.985315,,,,,,,,,,,,,
H85,,,,F,Siracusa,2020,15.276944,37.072769,,,,,,,,,,,,,
H86,H86,lynceorum,OR724620,F,Siracusa,2020,15.276944,37.072769,,,,,,,,,,,,,
H87,H87,lynceorum,OR724621,F,Siracusa,2020,15.276944,37.072769,,,,,,,,,,,,,
H88,H88,lynceorum,OR724622,F,Siracusa,2020,15.276944,37.072769,,,,,,,,,,,,,
H89,H89,lynceorum,OR724623,F,Siracusa,2020,15.276944,37.072769,,,,,,,,,,,,,
H90,H90,lynceorum,OR724624,F,Siracusa,2020,15.276944,37.072769,,,,,,,,,,,,,
H91,H91,lynceorum,OR724625,F,Siracusa,2020,15.276944,37.072769,,,,,,,,,,,,,
H92,H92,lynceorum,-,F,Siracusa,2020,15.276944,37.072769,,,,,,,,,,,,,
H93,H93,lynceorum,OR724626,F,Siracusa,2020,15.276944,37.072769,,,,,,,,,,,,,
H94,H94,lynceorum,OR724627,F,Siracusa,2020,15.276944,37.072769,,,,,,,,,,,,,
H95,H95,rossius,OR724628,NA,Siracusa,2020,15.276944,37.072769,,,,,,,,,,,,,
H96,H96,lynceorum,-,F,Siracusa,2020,15.276944,37.072769,,,,,,,,,,,,,
H97,H97,SE hybridogen,OR724629,F,MP,2020,15.029407,36.980648,,,,,,,,,,,,,
H98,H98,grandii,OR724630,M,MP,2020,15.029407,36.980648,,,,,,,,,,,,,
I02,,SE hybridogen,,F,MP,2020,15.029407,36.980648,,,,,,,,,,,,,
I03,I03,grandii,OR724632,M,Cassibile,2020,15.047276,36.985315,,,,,,,,,,,,,
I04,I04,grandii,OR724633,M,Cassibile,2020,15.047276,36.985315,,,,,,,,,,,,,
I05,I05,grandii,-,M,Cassibile,2020,15.047276,36.985315,,,,,,,,,,,,,
I06,I06,grandii,OR724634,M,Cassibile,2020,15.047276,36.985315,,,,,,,,,,,,,
I07,I07,SE hybridogen,-,NA,MP,2020,15.029407,36.980648,,,,,,,,,,,,,
I08,I08,SE hybridogen,OR724635,NA,MP,2020,15.029407,36.980648,,,,,,,,,,,,,
LJ,,rossius,,F,Campobello,di,Mazara,2021,12.726149,37.639182,,,,,,,,,,,
Castel2,,,,F,Castellamare,del,Golfo,2021,12.874521,38.031003,,,,,,,,,,,
Gela3,,lynceorum,,F,Gela,2021,14.452445,37.096112,,,,,,,,,,,,,
Gela4,,lynceorum,,F,Gela,2021,14.452445,37.096112,,,,,,,,,,,,,
4cage5,,whitei,,F,Giarratana,2021,14.814908,37.058961,,,,,,,,,,,,,
4cage6,,whitei,,F,Giarratana,2021,14.814908,37.058961,,,,,,,,,,,,,
4cage7,,whitei,,F,Giarratana,2021,14.814908,37.058961,,,,,,,,,,,,,
4cage8,,,,F,Giarratana,2021,14.814908,37.058961,,,,,,,,,,,,,
GT9,,rossius,,F,Gorghi,Tondi,2021,12.653602,37.61075,,,,,,,,,,,,
GT10,,rossius,,M,Gorghi,Tondi,2021,12.653602,37.61075,,,,,,,,,,,,
,,,,,,,,,,,,,,,,,,,,,
Brsri,,,,F,Ravenna,2020,12.252333,44.364955,,,,,,,,,,,,,
Bgigi,,,,F,"Lab-reared, originally from Cassibile",2021,15.047276,36.985315,,,,,,,,,,,,,
Bgibi,,,,F,Scopello,2020,12.813687,38.06703,,,,,,,,,,,,,
Bas,,,,F,identical,with,C58,2018,15.034707,36.978432,,,,,,,,,,,
Bwi,,,,F,"Lab-reared, originally from P. Acreide",2021,14.957433,37.040547,,,,,,,,,,,,,
Blm,Siracusa,,,,F,Siracusa,2022,15.276944,37.072769,,,,,,,,,,,,
Blm,Gela,,,,F,identical,with,Gela4,2021,14.452445,37.096112,,,,,,,,,,
Hybridogen1,haplome,,,,Unfertilised,eggs,pool,of,multiple,eggs,from,three,different,females,from,Cassibile,2021,15.047276,36.985315,,
Hybridogen2,haplome,,,,Unfertilised,eggs,pool,of,three,eggs,from,a,single,lab-reared,female,originally,from,Scopello,2020,12.813687,38.06703
,,,,,,,,,,,,,,,,,,,,,
B90D31,,,,,,,,,,,,,,,,,,,,,
F83D27,,,,,,,,,,,,,,,,,,,,,
E35D28,,,,,,,,,,,,,,,,,,,,,
H18G91,,,,,,,,,,,,,,,,,,,,,
F97G56,,,,,,,,,,,,,,,,,,,,,
B90D55,,,,,,,,,,,,,,,,,,,,,
F83C27,,,,,,,,,,,,,,,,,,,,,
E35F39,,,,,,,,,,,,,,,,,,,,,
H18H67,,,,,,,,,,,,,,,,,,,,,
F97B99,,,,,,,,,,,,,,,,,,,,,
B90D31D33,,,,,,,,,,,,,,,,,,,,,
F83D27C96,,,,,,,,,,,,,,,,,,,,,
E35D28C58,,,,,,,,,,,,,,,,,,,,,
H18G91C98,,,,,,,,,,,,,,,,,,,,,
F97G56C01,,,,,,,,,,,,,,,,,,,,,
